Question	Answer
Bed12	chr2	37428774	37458740	uc002rpz.3	0	-	37428906	37458710	0	16	272,82,59,84,197,58,98,67,69,103,54,89,184,232,1493,186	0,1152,1318,9367,10211,10703,12232,13254,14508,14684,15352,18753,20748,21538,25912,29780
Isoform number	1
Chrom	chr2
Strand	-
Exon number	16
mRNA length	3327
TSS	37458740
CDS end site	37428907
CDS length	3165
CDS protein sequence	MAAVKEPLEFHAKRPWRPEEAVEDPDEEDEDNTSEAENGFSLEEVLRLGGTKQDYLMLATLDENEEVIDGGKKGAIDDLQQGELEAFIQNLNLAKYTKASLVEEDEPAEKENSSKKEVKIPKINNKNTAESQRTSVNKVKNKNRPEPHSDENGSTTPKVKKDKQNIFEFFERQTLLLRPGGKWYDLEYSNEYSLKPQPQDVVSKYKTLAQKLYQHEINLFKSKTNSQKGASSTWMKAIVSSGTLGDRMAAMILLIQDDAVHTLQFVETLVNLVKKKGSKQQCLMALDTFKELLITDLLPDNRKLRIFSQRPFDKLEQLSSGNKDSRDRRLILWYFEHQLKHLVAEFVQVLETLSHDTLVTTKTRALTVAHELLCNKPEEEKALLVQVVNKLGDPQNRIATKASHLLETLLCKHPNMKGVVSGEVERLLFRSNISSKAQYYAICFLNQMALSHEESELANKLITVYFCFFRTCVKKKDVESKMLSALLTGVNRAYPYSQTGDDKVREQIDTLFKVLHIVNFNTSVQALMLLFQVMNSQQTISDRYYTALYRKMLDPGLMTCSKQAMFLNLVYKSLKADIVLRRVKAFVKRLLQVTCQQMPPFICGALYLVSEILKAKPGLRSQLDDHPESDDEENFIDANDDEDMEKFTDADKETEIVKKLETEETVPETDVETKKPEVASWVHFDNLKGGKQLNKYDPFSRNPLFCGAENTSLWELKKLSVHFHPSVALFAKTILQGNYIQYSGDPLQDFTLMRFLDRFVYRNPKPHKGKENTDSVVMQPKRKHFIKDIRHLPVNSKEFLAKEESQIPVDEVFFHRYYKKVAVKEKQKRDADEESIEDVDDEEFEELIDTFEDDNCFSSGKDDMDFAGNVKKRTKGAKDNTLDEDSEGSDDELGNLDDDEVSLGSMDDEEFAEVDEDGGTFMDVLDDESESVPELEVHSKVSTKKSKRKGTDDFDFAGSFQGPRKKKRNLNDSSLFVSAEEFGHLLDENMGSKFDNIGMNAMANKDNASLKQLRWEAERDDWLHNRDAKSIIKKKKHFKKKRIKTTQKTKKQRK
Block sequence	AAACGTGAAAAAGAGAACAAAAGGAGCTAAGGATAACACATTAGATGAAGATTCAGAAGGTAGTGATGATGAACTTGGTAACCTGGATGACGATGAAGTTTCTTTAGGAAGTATGGATGATGAAGAATTTGCTGAAGTTGATGAAGATGGAGGAACATTCATGGATGTGTTAGATGATGAAAGTGAGAGCGTTCCAG
Expand IDs	uc002rqa.4; uc002rqc.4; uc002rqd.3; uc002rqe.1; uc002rqf.1; uc010fah.3; uc010ynj.1; uc010ynk.2; uc010ynl.2
